{
  "Open a photo or design to get started": "Open a photo or design to get started",
  "Open Photo": "Open Photo",
  "Create New": "Create New",
  "or use sample": "or use sample",
  "Width": "Width",
  "Height": "Height",
  "Background color": "Background color",
  "Cancel": "Cancel",
  "Create": "Create",
  "Objects": "Objects",
  "Hide options": "Hide options",
  "Show options": "Show options",
  "Close": "Close",
  "Apply": "Apply",
  "Loading Canvas": "Loading Canvas",
  "Loading Image": "Loading Image",
  "Loading State": "Loading State",
  "Processing Image": "Processing Image",
  "Save As": "Save As",
  "Quality": "Quality",
  "Save": "Save",
  "Font": "Font",
  "Color": "Color",
  "Background": "Background",
  "Image": "Image",
  "Opacity": "Opacity",
  "Outline": "Outline",
  "Shadow": "Shadow",
  "Gradient": "Gradient",
  "Texture": "Texture",
  "Replace Image": "Replace Image",
  "Outline Color": "Outline Color",
  "Shadow Color": "Shadow Color",
  "Font Size": "Font Size",
  "Radius": "Radius",
  "Brush Color": "Brush Color",
  "Brush Size": "Brush Size",
  "Brush Type": "Brush Type",
  "Size": "Size",
  "Maintain aspect ratio": "Maintain aspect ratio",
  "Resize": "Resize",
  "History": "History",
  "New Text": "New Text"
}